-- grade data
insert into grade values
	('브론즈',0);
	
-- user data
insert into user_info values 
	('12001', 'test1', '1234', '홍길동', '19770405', '010-9741-5821', '서울 중구 마른내로 8길 13', '남자', '출신초등학교는?', '서울초등학교', 0, '브론즈'),
	('12002', 'test2', '1234', '김연수', '19850301', '010-4568-5581', '대구 수성구 청솔로 12길 40', '여자', '출신초등학교는?', '서울초등학교', 0, '브론즈'),
	('12003', 'test3', '1234', '김지원', '19860708', '010-9111-5556', '인천 연수구 먼우금로 123', '여자', '출신초등학교는?', '서울초등학교', 0, '브론즈'),
	('12004', 'test4', '1234', '문희원', '19800108', '010-7777-7777', '인천 연수구 먼우금로 161번길 12', '여자', '출신초등학교는?', '서울초등학교', 0, '브론즈'),
	('12005', 'test5', '1234', '유일한', '19790205', '010-4566-8886', '인천 연수구 송도국제대로 261', '남자', '출신초등학교는?', '서울초등학교', 0, '브론즈'),
	('12006', 'test6', '1234', '김동수', '19811123', '010-1231-1211', '전북 전주시 덕진구 안덕원로 251', '남자', '출신초등학교는?', '서울초등학교', 0, '브론즈'),
	('12007', 'test7', '1234', '배진태', '19820707', '010-7877-7777', '광주 서구 상무버들로 15', '남자', '출신초등학교는?', '서울초등학교', 0, '브론즈'),
	('12008', 'test8', '1234', '류은수', '19830301', '010-7444-1474', '광주 서구 상무민주로 100', '남자', '출신초등학교는?', '서울초등학교', 0, '브론즈'),
	('12009', 'test9', '1234', '김동철', '19870426', '010-8525-1235', '광주 서구 상무대로 911번길 42', '남자', '출신초등학교는?', '서울초등학교', 0, '브론즈'),
	('12010', 'test10', '1234', '최홍석', '19900405', '010-3214-6547', '부산 남구 분포로 111', '남자', '출신초등학교는?', '서울초등학교', 0, '브론즈');

-- product data

insert into product values
	('PA','책상',10000,100),
	('PB','냉장고',36000,50),
	('PC','세탁기',22000,60),
	('PD','VTR',30000,100),
	('PE','자전거',90000,200),
	('PF','시계',6000,100),
	('PG','TV',8000,100),
	('PH','탁자',3000,30);

-- sell data
insert into sell values 
	(1,'2012-03-24', '12003', 'PA', 2,null),
	(2,'2012-03-27', '12001', 'PA', 1, null),
	(3,'2012-04-03', '12009', 'PC', 1, null),
	(4,'2012-04-07', '12010', 'PF', 5, null),
	(5,'2012-04-13', '12003', 'PF', 4, null),
	(6,'2012-04-14', '12002', 'PE', 3, null),
	(7,'2012-04-14', '12004', 'PH', 10, null),
	(8,'2012-04-15', '12005', 'PG', 7, null),
	(9,'2012-04-17', '12006', 'PG', 2, null),
	(10,'2012-04-19', '12007', 'PA', 9, null),
	(11,'2012-04-20', '12001', 'PB', 3, null),
	(12,'2012-04-20', '12005', 'PD', 2, null),
	(13,'2012-04-20', '12006', 'PG', 2, null),
	(14,'2012-04-22', '12010', 'PH', 1, null),
	(15,'2012-04-26', '12010', 'PH', 5, null),
	(16,'2012-05-01', '12003', 'PB', 7, null);

-- admin data
insert into admin values 
	('admin', 'rootroot', '김근호');

-- cart data 
